{
    "img1.jpg5878": {
        "filename": "img1.jpg",
        "size": 5878,
        "regions": [
            {
                "shape_attributes": {
                    "name": "rect",
                    "x": 69,
                    "y": 84,
                    "width": 103,
                    "height": 78
                },
                "region_attributes": {
                    "label": "cat"
                }
            },
            {
                "shape_attributes": {
                    "name": "rect",
                    "x": 61,
                    "y": 207,
                    "width": 71,
                    "height": 120
                },
                "region_attributes": {
                    "label": "dog"
                }
            }
        ],
        "file_attributes": {}
    },
    "img2.jpg6662": {
        "filename": "img2.jpg",
        "size": 6662,
        "regions": [
            {
                "shape_attributes": {
                    "name": "rect",
                    "x": 78,
                    "y": 292,
                    "width": 72,
                    "height": 109
                },
                "region_attributes": {
                    "label": "cat"
                }
            },
            {
                "shape_attributes": {
                    "name": "rect",
                    "x": 201,
                    "y": 128,
                    "width": 85,
                    "height": 106
                },
                "region_attributes": {
                    "label": "cat"
                }
            },
            {
                "shape_attributes": {
                    "name": "rect",
                    "x": 252,
                    "y": 126,
                    "width": 94,
                    "height": 120
                },
                "region_attributes": {
                    "label": "dog"
                }
            }
        ],
        "file_attributes": {}
    }
}