{
  "version": "5.0.0",
  "flags": {},
  "shapes": [
    {
      "label": "cat",
      "shape_type": "rectangle",
      "flags": {},
      "points": [
        [
          69,
          84
        ],
        [
          172,
          162
        ]
      ]
    },
    {
      "label": "dog",
      "shape_type": "rectangle",
      "flags": {},
      "points": [
        [
          61,
          207
        ],
        [
          132,
          327
        ]
      ]
    }
  ],
  "imagePath": "img1.jpg",
  "imageHeight": 416,
  "imageWidth": 416
}