{
  "version": "5.0.0",
  "flags": {},
  "shapes": [
    {
      "label": "cat",
      "shape_type": "rectangle",
      "flags": {},
      "points": [
        [
          78,
          292
        ],
        [
          150,
          401
        ]
      ]
    },
    {
      "label": "cat",
      "shape_type": "rectangle",
      "flags": {},
      "points": [
        [
          201,
          128
        ],
        [
          286,
          234
        ]
      ]
    },
    {
      "label": "dog",
      "shape_type": "rectangle",
      "flags": {},
      "points": [
        [
          252,
          126
        ],
        [
          346,
          246
        ]
      ]
    }
  ],
  "imagePath": "img2.jpg",
  "imageHeight": 416,
  "imageWidth": 416
}