<annotation>
    <folder>Pascal VOC Example</folder>
    <filename>img1.jpg</filename>
    <size>
        <width>416</width>
        <height>416</height>
        <depth>3</depth>
    </size>
    <object>
        <name>cat</name>
        <bndbox>
            <xmin>69</xmin>
            <ymin>84</ymin>
            <xmax>172</xmax>
            <ymax>162</ymax>
        </bndbox>
    </object>
    <object>
        <name>dog</name>
        <bndbox>
            <xmin>61</xmin>
            <ymin>207</ymin>
            <xmax>132</xmax>
            <ymax>327</ymax>
        </bndbox>
    </object>
</annotation>
