<annotation>
    <folder>Pascal VOC Example</folder>
    <filename>img2.jpg</filename>
    <size>
        <width>416</width>
        <height>416</height>
        <depth>3</depth>
    </size>
    <object>
        <name>cat</name>
        <bndbox>
            <xmin>78</xmin>
            <ymin>292</ymin>
            <xmax>150</xmax>
            <ymax>401</ymax>
        </bndbox>
    </object>
    <object>
        <name>cat</name>
        <bndbox>
            <xmin>201</xmin>
            <ymin>128</ymin>
            <xmax>286</xmax>
            <ymax>234</ymax>
        </bndbox>
    </object>
    <object>
        <name>dog</name>
        <bndbox>
            <xmin>252</xmin>
            <ymin>126</ymin>
            <xmax>346</xmax>
            <ymax>246</ymax>
        </bndbox>
    </object>
</annotation>
