[
    {
        "image": "img1.jpg",
        "annotations": [
            {
                "label": "cat",
                "coordinates": {
                    "x": 120.5,
                    "y": 123.0,
                    "width": 103,
                    "height": 78
                }
            },
            {
                "label": "dog",
                "coordinates": {
                    "x": 96.5,
                    "y": 267.0,
                    "width": 71,
                    "height": 120
                }
            }
        ]
    },
    {
        "image": "img2.jpg",
        "annotations": [
            {
                "label": "cat",
                "coordinates": {
                    "x": 114.0,
                    "y": 346.5,
                    "width": 72,
                    "height": 109
                }
            },
            {
                "label": "cat",
                "coordinates": {
                    "x": 243.5,
                    "y": 181.0,
                    "width": 85,
                    "height": 106
                }
            },
            {
                "label": "dog",
                "coordinates": {
                    "x": 299.0,
                    "y": 186.0,
                    "width": 94,
                    "height": 120
                }
            }
        ]
    }
]