{
    "info": {
        "description": "Ejemplo de dataset COCO convertido desde Pascal VOC",
        "version": "1.0",
        "year": 2025,
        "contributor": "",
        "date_created": "2025-06-18"
    },
    "licenses": [],
    "images": [
        {
            "id": 1,
            "file_name": "img1.jpg",
            "width": 416,
            "height": 416
        },
        {
            "id": 2,
            "file_name": "img2.jpg",
            "width": 416,
            "height": 416
        }
    ],
    "categories": [
        {
            "id": 1,
            "name": "cat",
            "supercategory": "animal"
        },
        {
            "id": 2,
            "name": "dog",
            "supercategory": "animal"
        }
    ],
    "annotations": [
        {
            "id": 1,
            "image_id": 1,
            "category_id": 1,
            "bbox": [
                69,
                84,
                103,
                78
            ],
            "area": 8034,
            "iscrowd": 0
        },
        {
            "id": 2,
            "image_id": 1,
            "category_id": 2,
            "bbox": [
                61,
                207,
                71,
                120
            ],
            "area": 8520,
            "iscrowd": 0
        },
        {
            "id": 3,
            "image_id": 2,
            "category_id": 1,
            "bbox": [
                78,
                292,
                72,
                109
            ],
            "area": 7848,
            "iscrowd": 0
        },
        {
            "id": 4,
            "image_id": 2,
            "category_id": 1,
            "bbox": [
                201,
                128,
                85,
                106
            ],
            "area": 9010,
            "iscrowd": 0
        },
        {
            "id": 5,
            "image_id": 2,
            "category_id": 2,
            "bbox": [
                252,
                126,
                94,
                120
            ],
            "area": 11280,
            "iscrowd": 0
        }
    ]
}